id,zh,ro,cat,old_ipa,new_ipa,old_hint,new_hint
406,字母课本,abecedar,学习,,abecedAr,,名词 · 复数待核对: abecedare
407,毕业生,absolvent,教育,,absolvEnt,,名词 · 复数待核对: absolvente
408,学院,academie,教育,,acadEmie,,名词 · 复数待核对: academii
409,入口,acces,城市,,Acces,,名词 · 复数待核对: accese
410,事故,accident,交通,,accidEnt,,名词 · 复数待核对: accidente
411,同意,acord,人际,,Acord,,名词 · 复数待核对: acorde
412,活动,activitate,日常,,activitAte,,名词 · 复数: activități
413,现在,acum,时间,,Acum,,副词 · 不变
414,深的,adânc,形容词,,Adânc,,形容词 · 形式待核对
415,成年人,adult,人际,,Adult,,名词 · 复数待核对: adulte
416,空气,aer,自然,,AEr,,名词 · 复数待核对: aere
417,生意,afacere,商业,,afacEre,,名词 · 复数待核对: afaceri
418,日程本,agendă,职场,,agEndă,,名词 · 复数: agende
419,帮助,ajutor,人际,,ajUtor,,名词 · 复数待核对: ajutoare
420,警报,alarmă,城市,,alArmă,,名词 · 复数: alarme
421,食品,aliment,饮食,,alIment,,名词 · 复数: alimente
422,救护车,ambulanță,健康,,ambulAnță,,名词 · 复数: ambulanțe
423,回忆,amintire,人际,,amintIre,,名词 · 复数待核对: amintiri
424,分析,analiză,学习,,analIză,,名词 · 复数: analize
425,菠萝,ananas,饮食,,anAnas,,名词 · 复数待核对: ananase
426,公寓,apartament,家居,,apartAment,,名词 · 复数: apartamente
427,食欲,apetit,健康,,apEtit,,名词 · 复数待核对: apetite
428,四月,aprilie,时间,,aprIlie,,副词 · 不变
429,银,argint,购物,,Argint,,名词 · 复数待核对: arginte
430,军队,armată,社会,,armAtă,,名词 · 复数: armate
431,香味,aromă,饮食,,arOmă,,名词 · 复数: arome
432,电梯,ascensor,城市,,ascensOr,,名词 · 复数待核对: ascensore
433,助手,asistent,职场,,asistEnt,,名词 · 复数待核对: asistente
434,攻击,atac,社会,,Atac,,名词 · 复数待核对: atace
435,注意,atenție,学习,,atEnție,,名词 · 复数: atenții
436,八月,august,时间,,AUgust,,副词 · 不变
437,作者,autor,艺术,,AUtor,,名词 · 复数待核对: autoare
438,高速路,autostradă,交通,,autostrAdă,,名词 · 复数: autostrade
439,预付款,avans,金融,,Avans,,名词 · 复数待核对: avanse
440,优势,avantaj,职场,,avAntaj,,名词 · 复数待核对: avantaje
441,警告,avertizare,社会,,avertizAre,,名词 · 复数待核对: avertizari
442,长棍面包,baghetă,饮食,,baghEtă,,名词 · 复数: baghete
443,阳台,balcon,家居,,bAlcon,,名词 · 复数待核对: balcone
444,鲸鱼,balenă,自然,,balEnă,,名词 · 复数: balene
445,小船,barcă,交通,,bArcă,,名词 · 复数: barce
446,电池,baterie,科技,,batErie,,名词 · 复数待核对: baterii
447,男孩,băiat,人际,,bĂIAt,,名词 · 复数待核对: băiate
448,老人,bătrân,人际,,bĂtrân,,名词 · 复数待核对: bătrâne
449,参考书目,bibliografie,学习,,bibliogrAfie,,名词 · 复数待核对: bibliografii
450,票,bilet,交通,,bIlet,,名词 · 复数待核对: bilete
451,办公桌,birou,职场,,bIrou,,名词 · 复数待核对: birouri
452,饼干,biscuit,饮食,,bIscuit,,名词 · 复数待核对: biscuite
453,楼房,bloc,家居,,blOc,,名词 · 复数待核对: bloce
454,疾病,boală,健康,,bOAlă,,名词 · 复数: boale
455,糖果,bomboană,饮食,,bombOAnă,,名词 · 复数: bomboane
456,仪表盘,bord,交通,,bOrd,,名词 · 复数待核对: borde
457,手链,brățară,购物,,brățAră,,名词 · 复数: brățare
458,面包店,brutărie,城市,,brutĂrie,,名词 · 复数待核对: brutării
459,快乐,bucurie,情感,,bucUrie,,名词 · 复数待核对: bucurii
460,身份证,buletin,社会,,bulEtin,,名词 · 复数待核对: buletine
461,按钮,buton,科技,,bUton,,名词 · 复数待核对: butone
462,小木屋,cabană,旅行,,cabAnă,,名词 · 复数: cabane
463,浴缸,cadă,家居,,cAdă,,名词 · 复数: cade
464,笔记本,caiet,学习,,cAIEt,,名词 · 复数待核对: caiete
465,日历,calendar,时间,,calendAr,,副词 · 不变
466,质量,calitate,购物,,calitAte,,名词 · 复数: calități
467,活动,campanie,社会,,campAnie,,名词 · 复数待核对: campanii
468,频道,canal,科技,,canAl,,名词 · 复数待核对: canale
469,盖子,capac,家居,,cApac,,名词 · 复数待核对: capace
470,性格,caracter,人际,,carActer,,名词 · 复数待核对: caractere
471,职业,carieră,职场,,carIEră,,名词 · 复数: cariere
472,街区,cartier,城市,,cArtier,,名词 · 复数待核对: cartiere
473,黄瓜,castravete,饮食,,castravEte,,名词 · 复数待核对: castraveti
474,目录,catalog,学习,,catAlog,,名词 · 复数待核对: cataloge
475,犯罪记录,cazier,社会,,cAzier,,名词 · 复数待核对: caziere
476,热,căldură,天气,,căldUră,,名词 · 复数: căldure
477,宿舍,cămin,教育,,cĂmin,,名词 · 复数待核对: cămine
478,秤,cântar,购物,,cântAr,,名词 · 复数待核对: cântare
479,香肠,cârnat,饮食,,cÂrnat,,名词 · 复数待核对: cârnate
480,洋葱,ceapă,饮食,,cEApă,,名词 · 复数: ceape
481,钟表,ceas,时间,,cEAs,,副词 · 不变
482,申请,cerere,职场,,cerEre,,名词 · 复数待核对: cereri
483,证书,certificat,教育,,certifIcat,,名词 · 复数待核对: certificate
484,开销,cheltuială,金融,,cheltUIAlă,,名词 · 复数: cheltuiale
485,房租,chirie,家居,,chIrie,,名词 · 复数待核对: chirii
486,酸汤,ciorbă,饮食,,cIOrbă,,名词 · 复数: ciorbe
487,蘑菇,ciupercă,饮食,,ciupErcă,,名词 · 复数: ciuperce
488,建筑,clădire,城市,,clădIre,,名词 · 复数待核对: clădiri
489,队伍,coadă,购物,,cOAdă,,名词 · 复数: coade
490,皮,coajă,饮食,,cOAjă,,名词 · 复数: coaje
491,甜品店,cofetărie,城市,,cofetĂrie,,名词 · 复数待核对: cofetării
492,学院,colegiu,教育,,colEgiu,,名词 · 复数待核对: colegii
493,圣诞歌,colind,文化,,cOlind,,名词 · 复数待核对: colinde
494,订单,comandă,购物,,comAndă,,名词 · 复数: comande
495,贸易,comerț,商业,,cOmerț,,名词 · 复数待核对: comerțe
496,公司,companie,职场,,compAnie,,名词 · 复数待核对: companii
497,竞赛,competiție,运动,,competIție,,名词 · 复数: competiții
498,行为,comportament,人际,,comportAment,,名词 · 复数: comportamente
499,结论,concluzie,学习,,conclUzie,,名词 · 复数待核对: concluzii
500,管理,conducere,职场,,conducEre,,名词 · 复数待核对: conduceri
501,会议,conferință,职场,,conferInță,,名词 · 复数: conferințe
502,委员会,consiliu,社会,,consIliu,,名词 · 复数待核对: consilii
503,计量表,contor,家居,,cOntor,,名词 · 复数待核对: contoare
504,内容,conținut,科技,,conțInut,,名词 · 复数待核对: conținute
505,封面,copertă,学习,,copErtă,,名词 · 复数: coperte
506,走廊,coridor,城市,,coridOr,,名词 · 复数待核对: coridore
507,西装,costum,购物,,cOstum,,名词 · 复数待核对: costume
508,锅,cratiță,烹饪,,cratIță,,名词 · 复数: cratițe
509,大脑,creier,身体,,crEIEr,,名词 · 复数待核对: creiere
510,增长,creștere,商业,,creștEre,,名词 · 复数待核对: creșteri
511,危机,criză,社会,,crIză,,名词 · 复数: crize
512,衣架,cuier,家居,,cUIEr,,名词 · 复数待核对: cuiere
513,文化,cultură,文化,,cultUră,,名词 · 复数: culture
514,勇气,curaj,情感,,cUraj,,名词 · 复数待核对: curaje
515,电流,curent,科技,,curEnt,,名词 · 复数待核对: curente
516,院子,curte,家居,,cUrte,,名词 · 复数待核对: curti
517,盒子,cutie,购物,,cUtie,,名词 · 复数待核对: cutii
518,债务,datorie,金融,,datOrie,,名词 · 复数待核对: datorii
519,十二月,decembrie,时间,,decEmbrie,,副词 · 不变
520,决定,decizie,职场,,decIzie,,名词 · 复数待核对: decizii
521,声明,declarație,社会,,declarAție,,名词 · 复数: declarații
522,手指,deget,身体,,dEget,,名词 · 复数待核对: degete
523,午餐,dejun,饮食,,dEjun,,名词 · 复数待核对: dejune
524,半地下室,demisol,家居,,demIsol,,名词 · 复数待核对: demisole
525,画,desen,艺术,,dEsen,,名词 · 复数待核对: desene
526,细节,detaliu,学习,,detAliu,,名词 · 复数待核对: detalii
527,劣势,dezavantaj,职场,,dezavAntaj,,名词 · 复数待核对: dezavantaje
528,对话,dialog,学习,,dIAlog,,名词 · 复数待核对: dialoge
529,区别,diferență,学习,,diferEnță,,名词 · 复数: diferențe
530,早晨,dimineață,时间,,diminEAță,,副词 · 不变
531,主任,director,职场,,dirEctor,,名词 · 复数待核对: directoare
532,讨论,discuție,人际,,discUție,,名词 · 复数: discuții
533,距离,distanță,交通,,distAnță,,名词 · 复数: distanțe
534,分配,distribuție,商业,,distribUție,,名词 · 复数: distribuții
535,证据,dovadă,社会,,dovAdă,,名词 · 复数: dovade
536,柜子,dulap,家居,,dUlap,,名词 · 复数待核对: dulape
537,星期日,duminică,时间,,duminIcă,,副词 · 不变
538,平衡,echilibru,健康,,echilIbru,,名词 · 复数待核对: echilibruri
539,经济,economie,金融,,econOmie,,名词 · 复数待核对: economii
540,努力,efort,学习,,Efort,,名词 · 复数待核对: eforte
541,情绪,emoție,情感,,emOție,,名词 · 复数: emoții
542,能量,energie,健康,,enErgie,,名词 · 复数待核对: energii
543,错误,eroare,学习,,erOAre,,名词 · 复数待核对: eroari
544,楼层,etaj,城市,,Etaj,,名词 · 复数待核对: etaje
545,标签,etichetă,购物,,etichEtă,,名词 · 复数: etichete
546,事件,eveniment,社会,,evenIment,,名词 · 复数: evenimente
547,例子,exemplu,学习,,exEmplu,,名词 · 复数待核对: exempluri
548,经验,experiență,职场,,experIEnță,,名词 · 复数: experiențe
549,解释,explicație,学习,,explicAție,,名词 · 复数: explicații
550,家庭,familie,人际,,famIlie,,名词 · 复数待核对: familii
551,二月,februarie,时间,,febrUArie,,副词 · 不变
552,贺卡,felicitare,人际,,felicitAre,,名词 · 复数待核对: felicitari
553,幸福,fericire,情感,,fericIre,,名词 · 复数待核对: fericiri
554,节日,festival,文化,,festivAl,,名词 · 复数待核对: festivale
555,文件,fișier,科技,,fIșier,,名词 · 复数待核对: fișiere
556,火焰,flacără,自然,,flacĂră,,名词 · 复数: flacăre
557,表格,formular,职场,,formulAr,,名词 · 复数待核对: formulare
558,扶手椅,fotoliu,家居,,fotOliu,,名词 · 复数待核对: fotolii
559,寒冷,frig,天气,,frIg,,名词 · 复数待核对: frige
560,烤肉,friptură,饮食,,friptUră,,名词 · 复数: fripture
561,功能,funcție,科技,,fUncție,,名词 · 复数: funcții
562,保修,garanție,购物,,garAnție,,名词 · 复数: garanții
563,桶,găleată,家居,,gălEAtă,,名词 · 复数: găleate
564,想法,gând,情感,,gÂnd,,名词 · 复数待核对: gânde
565,行李箱,geamantan,旅行,,geamAntan,,名词 · 复数待核对: geamantane
566,果酱,gem,饮食,,gEm,,名词 · 复数待核对: geme
567,膝盖,genunchi,身体,,genUnchi,,名词 · 复数待核对: genunchii
568,手势,gest,人际,,gEst,,名词 · 复数待核对: geste
569,冰,gheață,饮食,,ghEAță,,名词 · 复数: gheațe
570,指南,ghid,旅行,,ghId,,名词 · 复数待核对: ghide
571,书包,ghiozdan,学习,,ghIOzdan,,名词 · 复数待核对: ghiozdane
572,玩笑,glumă,人际,,glUmă,,名词 · 复数: glume
573,花园,grădină,自然,,grădInă,,名词 · 复数: grădine
574,重量,greutate,健康,,greutAte,,名词 · 复数: greutăți
575,关心,grijă,情感,,grIjă,,名词 · 复数: grije
576,小组,grup,学习,,grUp,,名词 · 复数待核对: grupe
577,味道,gust,饮食,,gUst,,名词 · 复数待核对: guste
578,外套,haină,购物,,hAInă,,名词 · 复数: haine
579,纸,hârtie,学习,,hÂrtie,,名词 · 复数待核对: hârtii
580,地图,hartă,旅行,,hArtă,,名词 · 复数: harte
581,决心,hotărâre,情感,,hotărÂre,,名词 · 复数待核对: hotărâri
582,想法,idee,学习,,Idee,,名词 · 复数待核对: idei
583,出口,ieșire,城市,,ieșIre,,名词 · 复数待核对: ieșiri
584,图片,imagine,艺术,,imagIne,,名词 · 复数待核对: imagini
585,影响,impact,社会,,Impact,,名词 · 复数待核对: impacte
586,印象,impresie,人际,,imprEsie,,名词 · 复数待核对: impresii
587,火灾,incendiu,城市,,incEndiu,,名词 · 复数待核对: incendii
588,工业,industrie,商业,,indUstrie,,名词 · 复数待核对: industrii
589,信息,informație,学习,,informAție,,名词 · 复数: informații
590,食材,ingredient,烹饪,,ingredIEnt,,名词 · 复数待核对: ingrediente
591,检查员,inspector,职场,,inspEctor,,名词 · 复数待核对: inspectoare
592,说明,instrucțiune,科技,,instrucțIUne,,名词 · 复数: instrucțiuni
593,工具,instrument,职场,,instrUment,,名词 · 复数: instrumente
594,意图,intenție,人际,,intEnție,,名词 · 复数: intenții
595,兴趣,interes,情感,,intEres,,名词 · 复数待核对: interese
596,邀请,invitație,人际,,invitAție,,名词 · 复数: invitații
597,一月,ianuarie,时间,,ianUArie,,副词 · 不变
598,六月,iunie,时间,,IUnie,,副词 · 不变
599,七月,iulie,时间,,IUlie,,副词 · 不变
600,泉水,izvor,自然,,izvOr,,名词 · 复数待核对: izvore
601,夹克,jachetă,购物,,jachEtă,,名词 · 复数: jachete
602,星期四,joi,时间,,jOI,,副词 · 不变
603,玩具,jucărie,购物,,jucĂrie,,名词 · 复数待核对: jucării
604,法官,judecător,社会,,judecĂtor,,名词 · 复数待核对: judecătoare
605,实验室,laborator,教育,,laborAtor,,名词 · 复数待核对: laboratoare
606,链子,lanț,购物,,lAnț,,名词 · 复数待核对: lanțe
607,联系,legătură,人际,,legătUră,,名词 · 复数: legăture
608,木头,lemn,自然,,lEmn,,名词 · 复数待核对: lemne
609,床上用品,lenjerie,家居,,lenjErie,,名词 · 复数待核对: lenjerii
610,自由,libertate,社会,,libertAte,,名词 · 复数: libertăți
611,线,linie,学习,,lInie,,名词 · 复数待核对: linii
612,小勺,linguriță,烹饪,,lingurIță,,名词 · 复数: lingurițe
613,清单,listă,学习,,lIstă,,名词 · 复数: liste
614,住宅,locuință,家居,,locUInță,,名词 · 复数: locuințe
615,工人,lucrător,职场,,lucrĂtor,,名词 · 复数待核对: lucrătoare
616,星期一,luni,时间,,lUni,,副词 · 不变
617,光,lumină,家居,,lumInă,,名词 · 复数: lumine
618,商店,magazin,购物,,magAzin,,名词 · 复数待核对: magazine
619,蛋黄酱,maioneză,饮食,,maionEză,,名词 · 复数: maioneze
620,经理,manager,职场,,manAger,,名词 · 复数待核对: managere
621,三月,martie,时间,,mArtie,,副词 · 不变
622,星期二,marți,时间,,mArți,,副词 · 不变
623,汽车,mașină,交通,,mașInă,,名词 · 复数: mașine
624,措施,măsură,社会,,măsUră,,名词 · 复数: măsure
625,奖牌,medalie,运动,,medAlie,,名词 · 复数待核对: medalii
626,环境,mediu,自然,,mEdiu,,名词 · 复数待核对: medii
627,成员,membru,人际,,mEmbru,,名词 · 复数待核对: membruri
628,菜单,meniu,饮食,,mEniu,,名词 · 复数待核对: menii
629,职业,meserie,职场,,mesErie,,名词 · 复数待核对: meserii
630,方法,metodă,学习,,metOdă,,名词 · 复数: metode
631,星期三,miercuri,时间,,miercUri,,副词 · 不变
632,中间,mijloc,方向,,mIjloc,,副词 · 不变
633,少数群体,minoritate,社会,,minoritAte,,名词 · 复数: minorități
634,分钟,minut,时间,,mInut,,副词 · 不变
635,气味,miros,饮食,,mirOs,,名词 · 复数待核对: mirose
636,模型,model,学习,,mOdel,,名词 · 复数待核对: modele
637,显示器,monitor,科技,,monItor,,名词 · 复数待核对: monitoare
638,胡萝卜,morcov,饮食,,mOrcov,,名词 · 复数待核对: morcove
639,理由,motiv,人际,,motIv,,名词 · 复数待核对: motive
640,肌肉,mușchi,身体,,mUșchi,,名词 · 复数待核对: mușchii
641,出生,naștere,人际,,naștEre,,名词 · 复数待核对: nașteri
642,侄子,nepot,人际,,nEpot,,名词 · 复数待核对: nepote
643,水平,nivel,学习,,nIvel,,名词 · 复数待核对: nivele
644,十一月,noiembrie,时间,,nOIEmbrie,,副词 · 不变
645,云,nor,天气,,nOr,,名词 · 复数待核对: nore
646,分数,notă,教育,,nOtă,,名词 · 复数: note
647,习惯,obicei,日常,,obIcei,,名词 · 复数待核对: obiceii
648,物品,obiect,日常,,Obiect,,名词 · 复数待核对: obiecte
649,疲劳,oboseală,健康,,obosEAlă,,名词 · 复数待核对: oboseli
650,机会,ocazie,人际,,ocAzie,,名词 · 复数待核对: ocazii
651,十月,octombrie,时间,,octOmbrie,,副词 · 不变
652,优惠,ofertă,购物,,ofErtă,,名词 · 复数: oferte
653,镜子,oglindă,家居,,oglIndă,,名词 · 复数: oglinde
654,意见,opinie,人际,,opInie,,名词 · 复数待核对: opinii
655,秩序,ordine,社会,,ordIne,,名词 · 复数待核对: ordini
656,组织,organizație,社会,,organizAție,,名词 · 复数: organizații
657,地平线,orizont,自然,,orIzont,,名词 · 复数待核对: orizonte
658,服务员,ospătar,饮食,,ospătAr,,名词 · 复数待核对: ospătare
659,包裹,pachet,购物,,pAchet,,名词 · 复数待核对: pachete
660,页面,pagină,学习,,pagInă,,名词 · 复数: pagine
661,停车场,parcare,交通,,parcAre,,名词 · 复数待核对: parcari
662,参与者,participant,社会,,participAnt,,名词 · 复数待核对: participați
663,乘客,pasager,交通,,pasAger,,名词 · 复数待核对: pasagere
664,酱,pastă,饮食,,pAstă,,名词 · 复数: paste
665,帽子,pălărie,购物,,pălĂrie,,名词 · 复数待核对: pălării
666,看法,părere,人际,,părEre,,名词 · 复数待核对: păreri
667,毯子,pătură,家居,,pătUră,,名词 · 复数: păture
668,墙,perete,家居,,perEte,,名词 · 复数待核对: pereti
669,危险,pericol,社会,,perIcol,,名词 · 复数待核对: pericole
670,时期,perioadă,时间,,perIOAdă,,副词 · 不变
671,许可证,permis,社会,,pErmis,,名词 · 复数待核对: permise
672,钓鱼,pescuit,运动,,pEscuit,,名词 · 复数待核对: pescuite
673,胸部,piept,身体,,pIEpt,,名词 · 复数待核对: piepte
674,飞行员,pilot,交通,,pIlot,,名词 · 复数待核对: pilote
675,游泳池,piscină,运动,,piscInă,,名词 · 复数: piscine
676,海滩,plajă,旅行,,plAjă,,名词 · 复数: plaje
677,付款,plată,金融,,plAtă,,名词 · 复数: plate
678,散步,plimbare,日常,,plimbAre,,名词 · 复数待核对: plimbari
679,大门,poartă,城市,,pOArtă,,名词 · 复数: poarte
680,政治家,politician,社会,,politIcian,,名词 · 复数待核对: politiciane
681,民族,popor,社会,,popOr,,名词 · 复数待核对: popore
682,玉米,porumb,饮食,,pOrumb,,名词 · 复数待核对: porumbe
683,可能性,posibilitate,学习,,posibilitAte,,名词 · 复数: posibilități
684,手提包,poșetă,购物,,poșEtă,,名词 · 复数: poșete
685,午饭,prânz,饮食,,prÂnz,,名词 · 复数待核对: prânze
686,价格,preț,购物,,prEț,,名词 · 复数待核对: prețe
687,朋友们,prietene,人际,,prietEne,,名词 · 复数待核对: prieteni
688,目光,privire,人际,,privIre,,名词 · 复数待核对: priviri
689,生产,producție,商业,,prodUcție,,名词 · 复数: producții
690,产品,produs,购物,,prOdus,,名词 · 复数待核对: produse
691,职业,profesie,职场,,profEsie,,名词 · 复数待核对: profesii
692,预约,programare,健康,,programAre,,名词 · 复数待核对: programari
693,进步,progres,学习,,prOgres,,名词 · 复数待核对: progrese
694,房东,proprietar,家居,,proprietAr,,名词 · 复数待核对: proprietare
695,繁荣,prosperitate,社会,,prosperitAte,,名词 · 复数: prosperități
696,保护,protecție,社会,,protEcție,,名词 · 复数: protecții
697,广告,publicitate,商业,,publicitAte,,名词 · 复数: publicități
698,点,punct,学习,,pUnct,,名词 · 复数待核对: puncte
699,力量,putere,社会,,putEre,,名词 · 复数待核对: puteri
700,报告,raport,职场,,rAport,,名词 · 复数待核对: raporte
701,耐心,răbdare,情感,,răbdAre,,名词 · 复数待核对: răbdari
702,责任,răspundere,职场,,răspundEre,,名词 · 复数待核对: răspunderi
703,容器,recipient,家居,,recipIEnt,,名词 · 复数待核对: recipiente
704,广告,reclamă,商业,,reclAmă,,名词 · 复数: reclame
705,折扣,reducere,购物,,reducEre,,名词 · 复数待核对: reduceri
706,规则,regulă,学习,,regUlă,,名词 · 复数: regule
707,关系,relație,人际,,relAție,,名词 · 复数: relații
708,修理,reparație,家居,,reparAție,,名词 · 复数: reparații
709,网络,rețea,科技,,rEțea,,名词 · 复数待核对: rețeai
710,结果,rezultat,学习,,rezUltat,,名词 · 复数待核对: rezultate
711,取件,ridicare,购物,,ridicAre,,名词 · 复数待核对: ridicari
712,风险,risc,金融,,rIsc,,名词 · 复数待核对: risce
713,连衣裙,rochie,购物,,rOchie,,名词 · 复数待核对: rochii
714,番茄,roșie,饮食,,rOșie,,名词 · 复数待核对: roșii
715,羞愧,rușine,情感,,rușIne,,名词 · 复数待核对: rușini
716,星期六,sâmbătă,时间,,sâmbĂtă,,副词 · 不变
717,村庄,sat,地理,,sAt,,名词 · 复数待核对: sate
718,目标,scop,学习,,scOp,,名词 · 复数待核对: scope
719,信,scrisoare,人际,,scrisOAre,,名词 · 复数待核对: scrisoari
720,豁免,scutire,社会,,scutIre,,名词 · 复数待核对: scutiri
721,傍晚,seară,时间,,sEAră,,副词 · 不变
722,秘密,secret,人际,,sEcret,,名词 · 复数待核对: secrete
723,九月,septembrie,时间,,septEmbrie,,副词 · 不变
724,服务,serviciu,职场,,servIciu,,名词 · 复数待核对: servicii
725,标志,semn,城市,,sEmn,,名词 · 复数待核对: semne
726,信号,semnal,交通,,semnAl,,名词 · 复数待核对: semnale
727,感受,sentiment,情感,,sentIment,,名词 · 复数: sentimente
728,系列,serie,学习,,sErie,,名词 · 复数待核对: serii
729,抽屉,sertar,家居,,sertAr,,名词 · 复数待核对: sertare
730,建议,sfat,人际,,sfAt,,名词 · 复数待核对: sfate
731,安全,siguranță,社会,,sigurAnță,,名词 · 复数: siguranțe
732,系统,sistem,科技,,sIstem,,名词 · 复数待核对: sisteme
733,情况,situație,日常,,sitUAție,,名词 · 复数: situații
734,社会,societate,社会,,societAte,,名词 · 复数: societăți
735,解决办法,soluție,学习,,solUție,,名词 · 复数: soluții
736,希望,speranță,情感,,sperAnță,,名词 · 复数: speranțe
737,泡沫,spumă,家居,,spUmă,,名词 · 复数: spume
738,状态,stare,健康,,stAre,,名词 · 复数待核对: stari
739,国家,stat,社会,,stAt,,名词 · 复数待核对: state
740,旗帜,steag,社会,,stEAg,,名词 · 复数待核对: steage
741,瓶子,sticlă,饮食,,stIclă,,名词 · 复数: sticle
742,风格,stil,艺术,,stIl,,名词 · 复数待核对: stile
743,外国人,străin,人际,,strĂIn,,名词 · 复数待核对: străine
744,成功,succes,学习,,sUcces,,名词 · 复数待核对: succese
745,灵魂,suflet,情感,,sUflet,,名词 · 复数待核对: suflete
746,金额,sumă,金融,,sUmă,,名词 · 复数: sume
747,表面,suprafață,学习,,suprafAță,,名词 · 复数: suprafațe
748,惊喜,surpriză,情感,,surprIză,,名词 · 复数: surprize
749,画作,tablou,艺术,,tAblou,,名词 · 复数待核对: tablouri
750,沉默,tăcere,人际,,tăcEre,,名词 · 复数待核对: tăceri
751,费用,taxă,金融,,tAxă,,名词 · 复数: taxe
752,技术,tehnologie,科技,,tehnolOgie,,名词 · 复数待核对: tehnologii
753,作业,temă,教育,,tEmă,,名词 · 复数: teme
754,时间,timp,时间,,tImp,,副词 · 不变
755,青春,tinerețe,人际,,tinerEțe,,名词 · 复数待核对: tinereți
756,厕所,toaletă,城市,,toalEtă,,名词 · 复数: toalete
757,蛋糕,tort,饮食,,tOrt,,名词 · 复数待核对: torte
758,传统,tradiție,文化,,tradIție,,名词 · 复数: tradiții
759,交通,trafic,交通,,trafIc,,名词 · 复数待核对: trafice
760,悲伤,tristețe,情感,,tristEțe,,名词 · 复数待核对: tristeți
761,游览,tur,旅行,,tUr,,名词 · 复数待核对: ture
762,惊讶,uimire,情感,,uimIre,,名词 · 复数待核对: uimiri
763,肩膀,umăr,身体,,Umăr,,名词 · 复数待核对: umăre
764,单位,unitate,学习,,unitAte,,名词 · 复数: unități
765,上车,urcare,交通,,urcAre,,名词 · 复数待核对: urcari
766,用户,utilizator,科技,,utilizAtor,,名词 · 复数待核对: utilizatoare
767,假期,vacanță,旅行,,vacAnță,,名词 · 复数: vacanțe
768,价值,valoare,金融,,valOAre,,名词 · 复数待核对: valoari
769,售货员,vânzător,购物,,vânzĂtor,,名词 · 复数待核对: vânzătoare
770,版本,variantă,学习,,varIAntă,,名词 · 复数: variante
771,附近,vecinătate,城市,,vecinătAte,,名词 · 复数: vecinătăți
772,视力,vedere,健康,,vedEre,,名词 · 复数待核对: vederi
773,检查,verificare,职场,,verificAre,,名词 · 复数待核对: verificari
774,生活,viață,日常,,vIAță,,名词 · 复数: viațe
775,胜利,victorie,运动,,victOrie,,名词 · 复数待核对: victorii
776,星期五,vineri,时间,,vinEri,,副词 · 不变
777,速度,viteză,交通,,vitEză,,名词 · 复数: viteze
778,声音,voce,人际,,vOce,,名词 · 复数待核对: voci
779,投票,vot,社会,,vOt,,名词 · 复数待核对: vote
780,噪音,zgomot,城市,,zgOmot,,名词 · 复数待核对: zgomote
781,区域,zonă,城市,,zOnă,,名词 · 复数: zone
782,能力,abilitate,学习,,abilitAte,,名词 · 复数: abilități
783,订阅,abonament,商业,,abonAment,,名词 · 复数: abonamente
784,缺席,absență,教育,,absEnță,,名词 · 复数: absențe
785,滥用,abuz,社会,,Abuz,,名词 · 复数待核对: abuze
786,口音,accent,学习,,accEnt,,名词 · 复数待核对: accente
787,接受,acceptare,人际,,acceptAre,,名词 · 复数待核对: acceptari
788,屋顶,acoperiș,家居,,acopEriș,,名词 · 复数待核对: acoperișe
789,行动,acțiune,社会,,acțIUne,,名词 · 复数: acțiuni
790,真相,adevăr,人际,,adEvăr,,名词 · 复数待核对: adevăre
791,行政,administrație,社会,,administrAție,,名词 · 复数: administrații
792,青少年,adolescent,人际,,adolescEnt,,名词 · 复数待核对: adolescente
793,集合,adunare,社会,,adunAre,,名词 · 复数待核对: adunari
794,肯定,afirmare,人际,,afirmAre,,名词 · 复数待核对: afirmari
795,代理人,agent,职场,,agEnt,,名词 · 复数待核对: agente
796,骚动,agitație,情感,,agitAție,,名词 · 复数: agitații
797,农业,agricultură,自然,,agricultUră,,名词 · 复数: agriculture
798,小路,alee,城市,,Alee,,名词 · 复数待核对: alei
799,大使,ambasador,社会,,ambasadOr,,名词 · 复数待核对: ambasadore
800,大使馆,ambasada,城市,,ambasAda,,名词 · 复数待核对: ambasadai
801,布置,amenajare,家居,,amenajAre,,名词 · 复数待核对: amenajari
802,罚款,amendă,社会,,amEndă,,名词 · 复数: amende
803,中午,amiază,时间,,amIAză,,副词 · 不变
804,指纹,amprentă,社会,,amprEntă,,名词 · 复数: amprente
805,训练,antrenament,运动,,antrenAment,,名词 · 复数: antrenamente
806,通知,anunț,社会,,Anunț,,名词 · 复数待核对: anunțe
807,设备,aparat,科技,,apArat,,名词 · 复数待核对: aparate
808,防御,apărare,社会,,apărAre,,名词 · 复数待核对: apărari
809,批准,aprobare,职场,,aprobAre,,名词 · 复数待核对: aprobari
810,建筑师,arhitect,职场,,arhItect,,名词 · 复数待核对: arhitecte
811,翅膀,aripă,自然,,arIpă,,名词 · 复数: aripe
812,档案,arhivă,职场,,arhIvă,,名词 · 复数: arhive
813,文章,articol,学习,,artIcol,,名词 · 复数待核对: articole
814,保险,asigurare,金融,,asigurAre,,名词 · 复数待核对: asigurari
815,协会,asociație,社会,,asocIAție,,名词 · 复数: asociații
816,态度,atitudine,人际,,atitudIne,,名词 · 复数待核对: atitudini
817,吸引力,atracție,旅行,,atrAcție,,名词 · 复数: atracții
818,听众,audiență,艺术,,audIEnță,,名词 · 复数: audiențe
819,权威,autoritate,社会,,autoritAte,,名词 · 复数: autorități
820,警告,avertisment,社会,,avertIsment,,名词 · 复数: avertismente
821,律师,avocat,社会,,avOcat,,名词 · 复数待核对: avocate
822,收容所,azil,社会,,Azil,,名词 · 复数待核对: azile
823,舞会,bal,文化,,bAl,,名词 · 复数待核对: bale
824,纸币,bancnotă,金融,,bancnOtă,,名词 · 复数: bancnote
825,障碍,barieră,交通,,barIEră,,名词 · 复数: bariere
826,手杖,baston,健康,,bAston,,名词 · 复数待核对: bastone
827,集市,bazaar,购物,,bazAAr,,名词 · 复数待核对: bazaare
828,图书管理员,bibliotecar,职场,,bibliotecAr,,名词 · 复数待核对: bibliotecare
829,首饰,bijuterie,购物,,bijutErie,,名词 · 复数待核对: bijuterii
830,温柔,blândețe,情感,,blândEțe,,名词 · 复数待核对: blândeți
831,豆粒,boabe,饮食,,bOAbe,,名词 · 复数待核对: boabi
832,奖金,bonus,金融,,bOnus,,名词 · 复数待核对: bonuse
833,厨师,bucătar,烹饪,,bucătAr,,名词 · 复数待核对: bucătare
834,棉花,bumbac,购物,,bUmbac,,名词 · 复数待核对: bumbace
835,肚脐,buric,身体,,burIc,,名词 · 复数待核对: burice
836,奖学金生,bursier,教育,,bUrsier,,名词 · 复数待核对: bursiere
837,咖啡因,cafeină,饮食,,cafEInă,,名词 · 复数: cafeine
838,锦标赛,campionat,运动,,campIOnat,,名词 · 复数待核对: campionate
839,候选人,candidat,社会,,candIdat,,名词 · 复数待核对: candidate
840,沙发,canapea,家居,,canApea,,名词 · 复数待核对: canapeai
841,数量,cantitate,购物,,cantitAte,,名词 · 复数: cantități
842,特征,caracteristică,学习,,caracteristIcă,,名词 · 复数: caracteristice
843,收银员,casier,购物,,cAsier,,名词 · 复数待核对: casiere
844,茶壶,ceainic,家居,,ceainIc,,名词 · 复数待核对: ceainice
845,细胞,celulă,身体,,celUlă,,名词 · 复数: celule
846,腰带,centură,购物,,centUră,,名词 · 复数: centure
847,研究,cercetare,教育,,cercetAre,,名词 · 复数待核对: cercetari
848,墨水,cerneală,学习,,cernEAlă,,名词 · 复数待核对: cerneli
849,钥匙,cheie,家居,,chEIE,,名词 · 复数待核对: cheii
850,吉他手,chitarist,艺术,,chitArist,,名词 · 复数待核对: chitariste
851,收据,chitanță,购物,,chitAnță,,名词 · 复数: chitanțe
852,问卷,chestionar,学习,,chestionAr,,名词 · 复数待核对: chestionare
853,外科医生,chirurg,健康,,chIrurg,,名词 · 复数待核对: chirurge
854,数字,cifră,学习,,cIfră,,名词 · 复数: cifre
855,诚实,cinste,人际,,cInste,,名词 · 复数待核对: cinsti
856,樱桃,cireașă,饮食,,cirEAșă,,名词 · 复数: cireașe
857,读者,cititor,学习,,citItor,,名词 · 复数待核对: cititoare
858,理发店,coafor,城市,,coafOr,,名词 · 复数待核对: coafore
859,大腿,coapsă,身体,,cOApsă,,名词 · 复数: coapse
860,下降,coborâre,交通,,coborÂre,,名词 · 复数待核对: coborâri
861,代码,cod,科技,,cOd,,名词 · 复数待核对: code
862,合作,colaborare,职场,,colaborAre,,名词 · 复数待核对: colaborari
863,包裹,colet,购物,,cOlet,,名词 · 复数待核对: colete
864,柱子,coloană,城市,,colOAnă,,名词 · 复数: coloane
865,燃料,combustibil,交通,,combustIbil,,名词 · 复数待核对: combustibile
866,委员会,comisie,社会,,comIsie,,名词 · 复数待核对: comisii
867,同情,compasiune,情感,,compasIUne,,名词 · 复数: compasiuni
868,有能力的,competent,形容词,,competEnt,,形容词 · f: competentă · pl: competenți/ente
869,社区,comunitate,社会,,comunitAte,,名词 · 复数: comunități
870,音乐会,concert,艺术,,cOncert,,名词 · 复数待核对: concerte
871,比赛,concurs,教育,,cOncurs,,名词 · 复数待核对: concurse
872,条件,condiție,职场,,condIție,,名词 · 复数: condiții
873,冲突,conflict,社会,,cOnflict,,名词 · 复数待核对: conflicte
874,舒适,confort,家居,,cOnfort,,名词 · 复数待核对: conforte
875,同意,consimțământ,社会,,consimțĂmânt,,名词 · 复数待核对: consimțământe
876,建筑工程,construcție,城市,,constrUcție,,名词 · 复数: construcții
877,顾问,consultant,职场,,consultAnt,,名词 · 复数待核对: consultați
878,消费,consum,商业,,cOnsum,,名词 · 复数待核对: consume
879,联系,contact,人际,,cOntact,,名词 · 复数待核对: contacte
880,童年,copilărie,人际,,copilĂrie,,名词 · 复数待核对: copilării
881,腐败,corupție,社会,,corUpție,,名词 · 复数: corupții
882,领带,cravată,购物,,cravAtă,,名词 · 复数: cravate
883,乳霜,cremă,购物,,crEmă,,名词 · 复数: creme
884,托儿所,creșă,教育,,crEșă,,名词 · 复数: creșe
885,标准,criteriu,学习,,critEriu,,名词 · 复数待核对: criterii
886,裁缝,croitor,职场,,crOItor,,名词 · 复数待核对: croitoare
887,立方体,cub,学习,,cUb,,名词 · 复数待核对: cube
888,知识,cunoștințe,学习,,cunoștInțe,,名词 · 复数待核对: cunoștinți
889,清洁,curățenie,家居,,curățEnie,,名词 · 复数待核对: curățenii
890,好奇心,curiozitate,情感,,curiozitAte,,名词 · 复数: curiozități
891,学员,cursant,教育,,cursAnt,,名词 · 复数待核对: cursați
892,地震,cutremur,自然,,cutrEmur,,名词 · 复数待核对: cutremure
893,流量,debit,科技,,dEbit,,名词 · 复数待核对: debite
894,缺陷,defect,购物,,dEfect,,名词 · 复数待核对: defecte
895,代表,delegat,职场,,delEgat,,名词 · 复数待核对: delegate
896,尊严,demnitate,社会,,demnitAte,,名词 · 复数: demnități
897,仓库,depozit,商业,,depOzit,,名词 · 复数待核对: depozite
898,甜点,desert,饮食,,dEsert,,名词 · 复数待核对: deserte
899,目的地,destinație,旅行,,destinAție,,名词 · 复数: destinații
900,侦探,detectiv,社会,,detectIv,,名词 · 复数待核对: detective
901,灾难,dezastru,自然,,dezAstru,,名词 · 复数待核对: dezastruri
902,辩论,dezbatere,教育,,dezbatEre,,名词 · 复数待核对: dezbateri
903,发展,dezvoltare,社会,,dezvoltAre,,名词 · 复数待核对: dezvoltari
904,诊断,diagnostic,健康,,diagnostIc,,名词 · 复数待核对: diagnostice
905,扬声器,difuzor,科技,,difuzOr,,名词 · 复数待核对: difuzore
906,纪律,disciplină,教育,,disciplInă,,名词 · 复数: discipline
907,装置,dispozitiv,科技,,dispozitIv,,名词 · 复数待核对: dispozitive
908,多样性,diversitate,社会,,diversitAte,,名词 · 复数: diversități
909,利息,dobândă,金融,,dobÂndă,,名词 · 复数: dobânde
910,领域,domeniu,学习,,domEniu,,名词 · 复数待核对: domenii
911,捐赠,donație,社会,,donAție,,名词 · 复数: donații
912,愿望,dorință,情感,,dorInță,,名词 · 复数: dorințe
913,南瓜,dovleac,饮食,,dOvleac,,名词 · 复数待核对: dovleace
914,正义,dreptate,社会,,dreptAte,,名词 · 复数: dreptăți
915,淋浴,duș,家居,,dUș,,名词 · 复数待核对: dușe
916,一打,duzină,数量,,duzInă,,名词 · 复数: duzine
917,回声,ecou,自然,,Ecou,,名词 · 复数待核对: ecouri
918,出版社,editură,文化,,editUră,,名词 · 复数: editure
919,教育工作者,educator,教育,,educAtor,,名词 · 复数待核对: educatoare
920,效率,eficiență,职场,,eficIEnță,,名词 · 复数: eficiențe
921,平等,egalitate,社会,,egalitAte,,名词 · 复数: egalități
922,乘务组,echipaj,交通,,echIpaj,,名词 · 复数待核对: echipaje
923,装备,echipament,运动,,echipAment,,名词 · 复数: echipamente
924,屏幕,ecran,科技,,Ecran,,名词 · 复数待核对: ecrane
925,编辑,editor,职场,,edItor,,名词 · 复数待核对: editoare
926,情绪的,emoțional,形容词,,emoționAl,,形容词 · 形式待核对
927,热情,entuziasm,情感,,entUziasm,,名词 · 复数待核对: entuziasme
928,集,episod,艺术,,epIsod,,名词 · 复数待核对: episode
929,本质,esență,学习,,esEnță,,名词 · 复数: esențe
930,阶段,etapă,学习,,etApă,,名词 · 复数: etape
931,记录,evidență,职场,,evidEnță,,名词 · 复数: evidențe
932,例外,excepție,学习,,excEpție,,名词 · 复数: excepții
933,练习,exercițiu,运动,,exercIțiu,,名词 · 复数待核对: exerciții
934,要求,exigență,学习,,exigEnță,,名词 · 复数: exigențe
935,发货,expediere,购物,,expedIEre,,名词 · 复数待核对: expedieri
936,专家,expert,职场,,Expert,,名词 · 复数待核对: experte
937,瓷砖,faianță,家居,,fAIAnță,,名词 · 复数: faianțe
938,药剂师,farmacist,健康,,farmAcist,,名词 · 复数待核对: farmaciste
939,帮忙,favoare,人际,,favOAre,,名词 · 复数待核对: favoari
940,发烧,febră,健康,,fEbră,,名词 · 复数: febre
941,拉链,fermoar,购物,,fermOAr,,名词 · 复数待核对: fermoare
942,可靠性,fiabilitate,科技,,fiabilitAte,,名词 · 复数: fiabilități
943,纤维,fibra,健康,,fIbra,,名词 · 复数待核对: fibrai
944,小说类,ficțiune,艺术,,ficțIUne,,名词 · 复数: ficțiuni
945,过滤器,filtru,科技,,fIltru,,名词 · 复数待核对: filtruri
946,融资,finanțare,金融,,finanțAre,,名词 · 复数待核对: finanțari
947,公司,firmă,商业,,fIrmă,,名词 · 复数: firme
948,蝴蝶,fluture,自然,,flutUre,,名词 · 复数待核对: fluturi
949,纸张,foaie,学习,,fOAIE,,名词 · 复数待核对: foaii
950,用处,folos,日常,,folOs,,名词 · 复数待核对: folose
951,力量,forță,健康,,fOrță,,名词 · 复数: forțe
952,刹车,frână,交通,,frÂnă,,名词 · 复数: frâne
953,频率,frecvență,学习,,frecvEnță,,名词 · 复数: frecvențe
954,前线,front,社会,,frOnt,,名词 · 复数待核对: fronte
955,水果,fruct,饮食,,frUct,,名词 · 复数待核对: fructe
956,烟,fum,自然,,fUm,,名词 · 复数待核对: fume
957,背景,fundal,艺术,,fundAl,,名词 · 复数待核对: fundale
958,盗窃,furt,社会,,fUrt,,名词 · 复数待核对: furte
959,抵押,gaj,金融,,gAj,,名词 · 复数待核对: gaje
960,围栏,gard,家居,,gArd,,名词 · 复数待核对: garde
961,主人,gazdă,人际,,gAzdă,,名词 · 复数: gazde
962,一代,generație,社会,,generAție,,名词 · 复数: generații
963,地理,geografie,教育,,geogrAfie,,名词 · 复数待核对: geografii
964,地质,geologie,自然,,geolOgie,,名词 · 复数待核对: geologii
965,管理,gestionare,职场,,gestionAre,,名词 · 复数待核对: gestionari
966,谜语,ghicitoare,文化,,ghicitOAre,,名词 · 复数待核对: ghicitoari
967,窗口,ghișeu,城市,,ghIșeu,,名词 · 复数待核对: ghișeuri
968,荣耀,glorie,情感,,glOrie,,名词 · 复数待核对: glorii
969,空的,gol,形容词,,gOl,,形容词 · 形式待核对
970,家务,gospodărie,家居,,gospodĂrie,,名词 · 复数待核对: gospodării
971,程度,grad,学习,,grAd,,名词 · 复数待核对: grade
972,图表,grafic,学习,,grafIc,,名词 · 复数待核对: grafice
973,边境,graniță,地理,,granIță,,名词 · 复数: granițe
974,脂肪,grăsime,健康,,grăsIme,,名词 · 复数待核对: grăsimi
975,小麦,grâu,饮食,,grÂU,,名词 · 复数待核对: grâuri
976,错误,greșeală,学习,,greșEAlă,,名词 · 复数待核对: greșeli
977,小吃,gustare,饮食,,gustAre,,名词 · 复数待核对: gustari
978,长袍,halat,购物,,hAlat,,名词 · 复数待核对: halate
979,食物,hrană,饮食,,hrAnă,,名词 · 复数: hrane
980,身份,identitate,社会,,identitAte,,名词 · 复数: identități
981,卫生,igienă,健康,,igIEnă,,名词 · 复数: igiene
982,插图,ilustrație,艺术,,ilustrAție,,名词 · 复数: ilustrații
983,税款,impozit,金融,,impOzit,,名词 · 复数待核对: impozite
984,事件,incident,社会,,incidEnt,,名词 · 复数待核对: incidente
985,线索,indiciu,学习,,indIciu,,名词 · 复数待核对: indicii
986,通货膨胀,inflație,金融,,inflAție,,名词 · 复数: inflații
987,倡议,inițiativă,职场,,inițiatIvă,,名词 · 复数: inițiative
988,注射,injecție,健康,,injEcție,,名词 · 复数: injecții
989,创新,inovație,科技,,inovAție,,名词 · 复数: inovații
990,法庭,instanță,社会,,instAnță,,名词 · 复数: instanțe
991,机构,instituție,社会,,institUție,,名词 · 复数: instituții
992,智力,inteligență,学习,,inteligEnță,,名词 · 复数: inteligențe
993,禁令,interdicție,社会,,interdIcție,,名词 · 复数: interdicții
994,界面,interfață,科技,,interfAță,,名词 · 复数: interfațe
995,口译员,interpret,职场,,intErpret,,名词 · 复数待核对: interprete
996,隐私,intimitate,人际,,intimitAte,,名词 · 复数: intimități
997,假设,ipoteză,学习,,ipotEză,,名词 · 复数: ipoteze
998,历史,istorie,教育,,istOrie,,名词 · 复数待核对: istorii
999,隔离,izolare,健康,,izolAre,,名词 · 复数待核对: izolari
1000,贷款,împrumut,金融,,împrUmut,,名词 · 复数待核对: împrumute
1001,加热,încălzire,家居,,încălzIre,,名词 · 复数待核对: încălziri
1002,信任,încredere,人际,,încredEre,,名词 · 复数待核对: încrederi
1003,技巧,îndemânare,学习,,îndemânAre,,名词 · 复数待核对: îndemânari
1004,延误,întârziere,交通,,întârzIEre,,名词 · 复数待核对: întârzieri
1005,维护,întreținere,家居,,întreținEre,,名词 · 复数待核对: întrețineri
1006,悲痛,jale,情感,,jAle,,名词 · 复数待核对: jali
1007,百叶窗,jaluzea,家居,,jalUzea,,名词 · 复数待核对: jaluzeai
1008,炭火,jar,自然,,jAr,,名词 · 复数待核对: jare
1009,牛仔裤,jeans,购物,,jEAns,,名词 · 复数待核对: jeanse
1010,誓言,jurământ,社会,,jurĂmânt,,名词 · 复数待核对: jurământe
1011,司法,justiție,社会,,justIție,,名词 · 复数: justiții
1012,里程,kilometraj,交通,,kilomEtraj,,名词 · 复数待核对: kilometraje
1013,实验员,laborant,职场,,laborAnt,,名词 · 复数待核对: laborați
1014,挂锁,lacăt,家居,,lAcăt,,名词 · 复数待核对: lacăte
1015,雨夹雪,lapoviță,天气,,lapovIță,,名词 · 复数: lapovițe
1016,法规,legislație,社会,,legislAție,,名词 · 复数: legislații
1017,损伤,leziune,健康,,lezIUne,,名词 · 复数: leziuni
1018,拍卖,licitație,商业,,licitAție,,名词 · 复数: licitații
1019,领导者,lider,职场,,lIder,,名词 · 复数待核对: lidere
1020,语言表达,limbaj,学习,,lImbaj,,名词 · 复数待核对: limbaje
1021,液体,lichid,自然,,lIchid,,名词 · 复数待核对: lichide
1022,配送,livrare,购物,,livrAre,,名词 · 复数待核对: livrari
1023,逻辑,logică,学习,,logIcă,,名词 · 复数: logice
1024,忠诚,loialitate,人际,,loialitAte,,名词 · 复数: loialități
1025,彩票,loterie,金融,,lotErie,,名词 · 复数待核对: loterii
1026,起重机,macara,城市,,macAra,,名词 · 复数待核对: macarai
1027,磁铁,magnet,科技,,mAgnet,,名词 · 复数待核对: magnete
1028,多数,majoritate,社会,,majoritAte,,名词 · 复数: majorități
1029,任期,mandat,社会,,mAndat,,名词 · 复数待核对: mandate
1030,操作,manevră,交通,,manEvră,,名词 · 复数: manevre
1031,货物,marfă,商业,,mArfă,,名词 · 复数: marfe
1032,利润率,marjă,金融,,mArjă,,名词 · 复数: marje
1033,证词,mărturie,社会,,mărtUrie,,名词 · 复数待核对: mărturii
1034,丝绸,mătase,购物,,mătAse,,名词 · 复数待核对: mătasi
1035,药物,medicament,健康,,medicAment,,名词 · 复数: medicamente
1036,记忆,memorie,学习,,memOrie,,名词 · 复数待核对: memorii
1037,家务,menaj,家居,,mEnaj,,名词 · 复数待核对: menaje
1038,维护,mentenanță,科技,,mentenAnță,,名词 · 复数: mentenanțe
1039,雇佣兵,mercenar,社会,,mercenAr,,名词 · 复数待核对: mercenare
1040,功劳,merit,学习,,mErit,,名词 · 复数待核对: merite
1041,消息,mesaj,科技,,mEsaj,,名词 · 复数待核对: mesaje
1042,手艺,meșteșug,文化,,meștEșug,,名词 · 复数待核对: meșteșuge
1043,地铁,metrou,交通,,mEtrou,,名词 · 复数待核对: metrouri
1044,麦克风,microfon,科技,,micrOfon,,名词 · 复数待核对: microfone
1045,迁移,migrație,社会,,migrAție,,名词 · 复数: migrații
1046,百万,milioane,数量,,milIOAne,,名词 · 复数待核对: milioani
1047,谎言,minciună,人际,,mincIUnă,,名词 · 复数: minciune
1048,矿工,miner,职场,,mIner,,名词 · 复数待核对: minere
1049,奇迹,miracol,情感,,mirAcol,,名词 · 复数待核对: miracole
1050,任务,misiune,职场,,misIUne,,名词 · 复数: misiuni
1051,脏乱,mizerie,家居,,mizErie,,名词 · 复数待核对: mizerii
1052,家具,mobilier,家居,,mobIlier,,名词 · 复数待核对: mobiliere
1053,遗产,moștenire,社会,,moștenIre,,名词 · 复数待核对: moșteniri
1054,激励,motivare,职场,,motivAre,,名词 · 复数待核对: motivari
1055,人群,mulțime,社会,,mulțIme,,名词 · 复数待核对: mulțimi
1056,叙述,narațiune,艺术,,narațIUne,,名词 · 复数: narațiuni
1057,国家,națiune,社会,,națIUne,,名词 · 复数: națiuni
1058,谈判,negociere,商业,,negocIEre,,名词 · 复数待核对: negocieri
1059,神经,nerv,身体,,nErv,,名词 · 复数待核对: nerve
1060,通知,notificare,科技,,notificAre,,名词 · 复数待核对: notificari
1061,色调,nuanță,艺术,,nUAnță,,名词 · 复数: nuanțe
1062,目标,obiectiv,学习,,obiectIv,,名词 · 复数待核对: obiective
1063,义务,obligație,社会,,obligAție,,名词 · 复数: obligații
1064,观察,observație,学习,,observAție,,名词 · 复数: observații
1065,眼镜,ochelari,健康,,ochelAri,,名词 · 复数待核对: ochelarii
1066,官员,oficial,社会,,oficIAl,,名词 · 复数待核对: oficiale
1067,反映,oglindire,学习,,oglindIre,,名词 · 复数待核对: oglindiri
1068,操作员,operator,职场,,operAtor,,名词 · 复数待核对: operatoare
1069,选项,opțiune,科技,,opțIUne,,名词 · 复数: opțiuni
1070,小镇,orășel,城市,,orĂșel,,名词 · 复数待核对: orășele
1071,起源,origine,学习,,origIne,,名词 · 复数待核对: origini
1072,好客,ospitalitate,文化,,ospitalitAte,,名词 · 复数: ospitalități
1073,毒药,otravă,健康,,otrAvă,,名词 · 复数: otrave
1074,面包,pâine,饮食,,pÂIne,,名词 · 复数待核对: pâini
1075,宫殿,palat,城市,,pAlat,,名词 · 复数待核对: palate
1076,大衣,palton,购物,,pAlton,,名词 · 复数待核对: paltone
1077,面板,panou,科技,,pAnou,,名词 · 复数待核对: panouri
1078,段落,paragraf,学习,,parAgraf,,名词 · 复数待核对: paragrafe
1079,香水,parfum,购物,,pArfum,,名词 · 复数待核对: parfume
1080,伙伴,partener,人际,,partEner,,名词 · 复数待核对: partenere
1081,步骤,pas,学习,,pAs,,名词 · 复数待核对: pase
1082,遗产,patrimoniu,文化,,patrimOniu,,名词 · 复数待核对: patrimonii
1083,休息,pauză,日常,,pAUză,,名词 · 复数: pauze
1084,展馆,pavilion,城市,,pavIlion,,名词 · 复数待核对: pavilione
1085,窗帘,perdea,家居,,pErdea,,名词 · 复数待核对: perdeai
1086,表现,performanță,职场,,performAnță,,名词 · 复数: performanțe
1087,郊区,periferie,城市,,perifErie,,名词 · 复数待核对: periferii
1088,许可,permisie,社会,,permIsie,,名词 · 复数待核对: permisii
1089,视角,perspectivă,学习,,perspectIvă,,名词 · 复数: perspective
1090,渔民,pescar,职场,,pescAr,,名词 · 复数待核对: pescare
1091,花瓣,petală,自然,,petAlă,,名词 · 复数: petale
1092,市场,piață,购物,,pIAță,,名词 · 复数: piațe
1093,行人,pieton,交通,,pIEton,,名词 · 复数待核对: pietone
1094,飞行员们,piloți,交通,,pilOți,,名词 · 复数待核对: piloții
1095,信封,plic,人际,,plIc,,名词 · 复数待核对: plice
1096,雨,ploaie,天气,,plOAIE,,名词 · 复数待核对: ploaii
1097,桥,pod,城市,,pOd,,名词 · 复数待核对: pode
1098,警察,polițist,社会,,polIțist,,名词 · 复数待核对: polițiste
1099,消防员,pompier,职场,,pOmpier,,名词 · 复数待核对: pompiere
1100,人口,populație,社会,,populAție,,名词 · 复数: populații
1101,一份,porție,饮食,,pOrție,,名词 · 复数: porții
1102,港口,port,交通,,pOrt,,名词 · 复数待核对: porte
1103,橙子,portocală,饮食,,portocAlă,,名词 · 复数: portocale
1104,位置,poziție,方向,,pozIție,,名词 · 复数: poziții
1105,友谊,prietenie,人际,,prietEnie,,名词 · 复数待核对: prietenii
1106,样本,probă,学习,,prObă,,名词 · 复数: probe
1107,流程,procedură,职场,,procedUră,,名词 · 复数: procedure
1108,过程,proces,学习,,prOces,,名词 · 复数待核对: procese
1109,生产者,producător,商业,,producĂtor,,名词 · 复数待核对: producătoare
1110,教师,profesor,教育,,profesOr,,名词 · 复数待核对: profesore
1111,利润,profit,金融,,prOfit,,名词 · 复数待核对: profite
1112,承诺,promisiune,人际,,promisIUne,,名词 · 复数: promisiuni
1113,建议,propunere,职场,,propunEre,,名词 · 复数待核对: propuneri
1114,毛巾,prosop,家居,,prOsop,,名词 · 复数待核对: prosope
1115,公众,public,社会,,publIc,,名词 · 复数待核对: publice
1116,毛衣,pulover,购物,,pulOver,,名词 · 复数待核对: pulovere
1117,火箭,rachetă,科技,,rachEtă,,名词 · 复数: rachete
1118,雷达,radar,交通,,radAr,,名词 · 复数待核对: radare
1119,精致,rafinament,艺术,,rafinAment,,名词 · 复数: rafinamente
1120,树枝,ramură,自然,,ramUră,,名词 · 复数: ramure
1121,分期款,rată,金融,,rAtă,,名词 · 复数: rate
1122,感冒,răceală,健康,,răcEAlă,,名词 · 复数待核对: răceli
1123,评论,recenzie,艺术,,recEnzie,,名词 · 复数待核对: recenzii
1124,互惠,reciprocitate,人际,,reciprocitAte,,名词 · 复数: reciprocități
1125,奖励,recompensă,职场,,recompEnsă,,名词 · 复数: recompense
1126,招聘,recrutare,职场,,recrutAre,,名词 · 复数待核对: recrutari
1127,拒绝,refuz,人际,,rEfuz,,名词 · 复数待核对: refuze
1128,导演,regizor,艺术,,regizOr,,名词 · 复数待核对: regizore
1129,遗憾,regret,情感,,rEgret,,名词 · 复数待核对: regrete
1130,食谱,rețetă,烹饪,,rețEtă,,名词 · 复数: rețete
1131,油箱,rezervor,交通,,rezervOr,,名词 · 复数待核对: rezervore
1132,耐力,rezistență,健康,,rezistEnță,,名词 · 复数: rezistențe
1133,结实的,robust,形容词,,rObust,,形容词 · 形式待核对
1134,背包,rucsac,旅行,,rUcsac,,名词 · 复数待核对: rucsace
1135,工资,salariu,金融,,salAriu,,名词 · 复数待核对: salarii
1136,肥皂,săpun,购物,,sĂpun,,名词 · 复数待核对: săpune
1137,丑闻,scandal,社会,,scandAl,,名词 · 复数待核对: scandale
1138,楼梯,scară,城市,,scAră,,名词 · 复数: scare
1139,怀疑的,sceptic,形容词,,sceptIc,,形容词 · f: sceptică · pl: sceptici/ice
1140,草图,schiță,艺术,,schIță,,名词 · 复数: schițe
1141,作家,scriitor,艺术,,scrIItor,,名词 · 复数待核对: scriitoare
1142,捷径,scurtătură,交通,,scurtătUră,,名词 · 复数: scurtăture
1143,世纪,secol,时间,,sEcol,,副词 · 不变
1144,参议员,senator,社会,,senAtor,,名词 · 复数待核对: senatoare
1145,公文包,servietă,职场,,servIEtă,,名词 · 复数: serviete
1146,场次,sesiune,教育,,sesIUne,,名词 · 复数: sesiuni
1147,严厉的,sever,形容词,,sEver,,形容词 · 形式待核对
1148,结束,sfârșit,时间,,sfÂrșit,,副词 · 不变
1149,印章,sigiliu,职场,,sigIliu,,名词 · 复数待核对: sigilii
1150,轮廓,siluetă,艺术,,silUEtă,,名词 · 复数: siluete
1151,综合征,sindrom,健康,,sIndrom,,名词 · 复数待核对: sindrome
1152,孤独,singurătate,情感,,singurătAte,,名词 · 复数: singurătăți
1153,综合,sinteză,学习,,sintEză,,名词 · 复数: sinteze
1154,警笛,sirenă,城市,,sirEnă,,名词 · 复数: sirene
1155,虚弱,slăbiciune,健康,,slăbicIUne,,名词 · 复数: slăbiciuni
1156,工作,slujbă,职场,,slUjbă,,名词 · 复数: slujbe
1157,土壤,sol,自然,,sOl,,名词 · 复数待核对: sole
1158,余额,sold,金融,,sOld,,名词 · 复数待核对: solde
1159,调查,sondaj,社会,,sOndaj,,名词 · 复数待核对: sondaje
1160,空间,spațiu,城市,,spAțiu,,名词 · 复数待核对: spații
1161,背部,spate,身体,,spAte,,名词 · 复数待核对: spati
1162,专家,specialist,职场,,specIAlist,,名词 · 复数待核对: specialiste
1163,演出,spectacol,艺术,,spectAcol,,名词 · 复数待核对: spectacole
1164,住院,spitalizare,健康,,spitalizAre,,名词 · 复数待核对: spitalizari
1165,策略,strategie,职场,,stratEgie,,名词 · 复数待核对: strategii
1166,压力,stres,健康,,strEs,,名词 · 复数待核对: strese
1167,主题,subiect,学习,,sUbiect,,名词 · 复数待核对: subiecte
1168,地下室,subsol,家居,,sUbsol,,名词 · 复数待核对: subsole
1169,痛苦,suferință,情感,,suferInță,,名词 · 复数: suferințe
1170,建议,sugestie,人际,,sugEstie,,名词 · 复数待核对: sugestii
1171,监督,supraveghere,社会,,supraveghEre,,名词 · 复数待核对: supravegheri
1172,微笑,surâs,情感,,sUrâs,,名词 · 复数待核对: surâse
1173,螺丝,surub,家居,,sUrub,,名词 · 复数待核对: surube
1174,支持,susținere,人际,,susținEre,,名词 · 复数待核对: susțineri
1175,机会,șansă,人际,,șAnsă,,名词 · 复数: șanse
1176,会议,ședință,职场,,ședInță,,名词 · 复数: ședințe
1177,餐巾,șervețel,饮食,,șervEțel,,名词 · 复数待核对: șervețele
1178,司机,șofer,交通,,șOfer,,名词 · 复数待核对: șofere
1179,营地,tabără,旅行,,tabĂră,,名词 · 复数: tabăre
1180,战术,tactică,运动,,tactIcă,,名词 · 复数: tactice
1181,天赋,talent,艺术,,talEnt,,名词 · 复数待核对: talente
1182,天花板,tavan,家居,,tAvan,,名词 · 复数待核对: tavane
1183,切口,tăietură,健康,,tăietUră,,名词 · 复数: tăieture
1184,强度,tărie,学习,,tĂrie,,名词 · 复数待核对: tării
1185,一叠,teanc,学习,,tEAnc,,名词 · 复数待核对: teance
1186,灰泥,tencuială,家居,,tencUIAlă,,名词 · 复数: tencuiale
1187,理论,teorie,学习,,tEOrie,,名词 · 复数待核对: teorii
1188,治疗,terapie,健康,,terApie,,名词 · 复数待核对: terapii
1189,期限,termen,职场,,tErmen,,名词 · 复数待核对: termene
1190,恐怖主义,terorism,社会,,terOrism,,名词 · 复数待核对: terorisme
1191,宝库,tezaur,文化,,tEzaur,,名词 · 复数待核对: tezaure
1192,票券,tichet,交通,,tIchet,,名词 · 复数待核对: tichete
1193,老虎,tigru,自然,,tIgru,,名词 · 复数待核对: tigruri
1194,模板,tipar,学习,,tipAr,,名词 · 复数待核对: tipare
1195,发行量,tiraj,商业,,tIraj,,名词 · 复数待核对: tiraje
1196,炖菜,tocană,饮食,,tocAnă,,名词 · 复数: tocane
1197,垃圾桶,tomberon,城市,,tombEron,,名词 · 复数待核对: tomberone
1198,生活,trai,日常,,trAI,,名词 · 复数待核对: traii
1199,路线,traseu,交通,,trAseu,,名词 · 复数待核对: traseuri
1200,条约,tratat,社会,,trAtat,,名词 · 复数待核对: tratate
1201,看台,tribună,运动,,tribUnă,,名词 · 复数: tribune
1202,技巧,truc,学习,,trUc,,名词 · 复数待核对: truce
1203,身体,trup,身体,,trUp,,名词 · 复数待核对: trupe
1204,隧道,tunel,交通,,tUnel,,名词 · 复数待核对: tunele
1205,群,turmă,自然,,tUrmă,,名词 · 复数: turme
1206,学徒,ucenic,职场,,ucenIc,,名词 · 复数待核对: ucenice
1207,油,ulei,烹饪,,Ulei,,名词 · 复数待核对: uleii
1208,阴影,umbră,自然,,Umbră,,名词 · 复数: umbre
1209,羞辱,umilință,情感,,umilInță,,名词 · 复数: umilințe
1210,叔叔,unchi,人际,,Unchi,,名词 · 复数待核对: unchii
1211,制服,uniformă,购物,,unifOrmă,,名词 · 复数: uniforme
1212,紧急情况,urgență,健康,,urgEnță,,名词 · 复数: urgențe
1213,大蒜,usturoi,饮食,,ustUroi,,名词 · 复数待核对: usturoii
1214,实用性,utilitate,日常,,utilitAte,,名词 · 复数: utilități
1215,车厢,vagon,交通,,vAgon,,名词 · 复数待核对: vagone
1216,行李箱,valiză,旅行,,valIză,,名词 · 复数: valize
1217,轮船,vapor,交通,,vapOr,,名词 · 复数待核对: vapore
1218,卷心菜,varză,饮食,,vArză,,名词 · 复数: varze
1219,年龄,vârstă,人际,,vÂrstă,,名词 · 复数: vârste
1220,风,vânt,天气,,vÂnt,,名词 · 复数待核对: vânte
1221,判决,verdict,社会,,vErdict,,名词 · 复数待核对: verdicte
1222,背心,vestă,购物,,vEstă,,名词 · 复数: veste
1223,永恒,veșnicie,情感,,veșnIcie,,名词 · 复数待核对: veșnicii
1224,受害者,victimă,社会,,victImă,,名词 · 复数: victime
1225,视频短片,videoclip,科技,,vidEOclip,,名词 · 复数待核对: videoclipe
1226,警觉的,vigilent,形容词,,vigilEnt,,形容词 · f: vigilentă · pl: vigilenți/ente
1227,未来,viitor,时间,,vIItor,,副词 · 不变
1228,暴力,violență,社会,,violEnță,,名词 · 复数: violențe
1229,小提琴,vioară,艺术,,vIOAră,,名词 · 复数: vioare
1230,能见度,vizibilitate,天气,,vizibilitAte,,名词 · 复数: vizibilități
1231,词汇,vocabular,学习,,vocabulAr,,名词 · 复数待核对: vocabulare
1232,意志,voință,情感,,vOInță,,名词 · 复数: voințe
1233,方向盘,volan,交通,,vOlan,,名词 · 复数待核对: volane
1234,音量,volum,科技,,vOlum,,名词 · 复数待核对: volume
1235,天气,vreme,天气,,vrEme,,名词 · 复数待核对: vremi
1236,骰子,zar,游戏,,zAr,,名词 · 复数待核对: zare
1237,航班,zbor,交通,,zbOr,,名词 · 复数待核对: zbore
1238,嫁妆,zestre,文化,,zEstre,,名词 · 复数待核对: zestri
1239,报纸,ziar,文化,,zIAr,,名词 · 复数待核对: ziare
1240,墙,zid,城市,,zId,,名词 · 复数待核对: zide
1241,覆盆子,zmeură,饮食,,zmEUră,,名词 · 复数: zmeure
1242,绝对的,absolut,形容词,,absOlut,,形容词 · f: absolută · pl: absoluți/ute
1243,绝对的（阴性）,absolută,形容词,,absolUtă,,形容词 · m/f 待核对 · pl: absolute
1244,可接近的,accesibil,形容词,,accesIbil,,形容词 · 形式待核对
1245,活跃的,activ,形容词,,actIv,,形容词 · f: activă · pl: activi/ive
1246,活跃的（阴性）,activă,形容词,,actIvă,,形容词 · m/f 待核对 · pl: active
1247,激进的,agresiv,形容词,,agresIv,,形容词 · f: agresivă · pl: agresivi/ive
1248,激进的（阴性）,agresivă,形容词,,agresIvă,,形容词 · m/f 待核对 · pl: agresive
1249,苦的,amar,形容词,,amAr,,形容词 · 形式待核对
1250,苦的（阴性）,amară,形容词,,amAră,,形容词 · m/f 待核对 · pl: amare
1251,亲切的,amabil,形容词,,amAbil,,形容词 · 形式待核对
1252,宽广的,amplu,形容词,,Amplu,,形容词 · 形式待核对
1253,近的,apropiat,形容词,,aprOpiat,,形容词 · f: apropiată · pl: apropiați/ate
1254,近的（阴性）,apropiată,形容词,,apropIAtă,,形容词 · m/f 待核对 · pl: apropiate
1255,锋利的,ascuțit,形容词,,ascUțit,,形容词 · f: ascuțită · pl: ascuțiți/ite
1256,锋利的（阴性）,ascuțită,形容词,,ascuțItă,,形容词 · m/f 待核对 · pl: ascuțite
1257,细心的,atent,形容词,,atEnt,,形容词 · f: atentă · pl: atenți/ente
1258,有吸引力的,atractiv,形容词,,atractIv,,形容词 · f: atractivă · pl: atractivi/ive
1259,有吸引力的（阴性）,atractivă,形容词,,atractIvă,,形容词 · m/f 待核对 · pl: atractive
1260,富有的,bogat,形容词,,bOgat,,形容词 · f: bogată · pl: bogați/ate
1261,富有的（阴性）,bogată,形容词,,bogAtă,,形容词 · m/f 待核对 · pl: bogate
1262,热的,cald,形容词,,cAld,,形容词 · 形式待核对
1263,中央的,central,形容词,,centrAl,,形容词 · 形式待核对
1264,中央的（阴性）,centrală,形容词,,centrAlă,,形容词 · m/f 待核对 · pl: centrale
1265,清楚的,clar,形容词,,clAr,,形容词 · 形式待核对
1266,清楚的（阴性）,clară,形容词,,clAră,,形容词 · m/f 待核对 · pl: clare
1267,方便的,comod,形容词,,cOmod,,形容词 · 形式待核对
1268,完整的,complet,形容词,,cOmplet,,形容词 · 形式待核对
1269,共同的,comun,形容词,,cOmun,,形容词 · 形式待核对
1270,具体的,concret,形容词,,cOncret,,形容词 · 形式待核对
1271,干净的,curat,形容词,,cUrat,,形容词 · f: curată · pl: curați/ate
1272,干净的（阴性）,curată,形容词,,curAtă,,形容词 · m/f 待核对 · pl: curate
1273,好奇的,curios,形容词,,curIOs,,形容词 · f: curioasă · pl: curioși/oase
1274,好奇的（阴性）,curioasă,形容词,,curIOAsă,,形容词 · m/f 待核对 · pl: curioase
1275,美味的,delicios,形容词,,delicIOs,,形容词 · f: delicioasă · pl: delicioși/oase
1276,美味的（阴性）,delicioasă,形容词,,delicIOAsă,,形容词 · m/f 待核对 · pl: delicioase
1277,开放的,deschis,形容词,,dEschis,,形容词 · 形式待核对
1278,困难的,dificil,形容词,,difIcil,,形容词 · 形式待核对
1279,直接的,direct,形容词,,dIrect,,形容词 · 形式待核对
1280,可用的,disponibil,形容词,,disponIbil,,形容词 · 形式待核对
1281,高效的,eficient,形容词,,eficIEnt,,形容词 · f: eficientă · pl: eficienți/ente
1282,平等的,egal,形容词,,egAl,,形容词 · 形式待核对
1283,平等的（阴性）,egală,形容词,,egAlă,,形容词 · m/f 待核对 · pl: egale
1284,优雅的,elegant,形容词,,elegAnt,,形容词 · 形式待核对
1285,巨大的,enorm,形容词,,Enorm,,形容词 · 形式待核对
1286,准确的,exact,形容词,,Exact,,形容词 · 形式待核对
1287,优秀的,excelent,形容词,,excelEnt,,形容词 · f: excelentă · pl: excelenți/ente
1288,假的,fals,形容词,,fAls,,形容词 · 形式待核对
1289,熟悉的,familiar,形容词,,familIAr,,形容词 · 形式待核对
1290,熟悉的（阴性）,familiară,形容词,,familIAră,,形容词 · m/f 待核对 · pl: familiare
1291,幸福的,fericit,形容词,,ferIcit,,形容词 · f: fericită · pl: fericiți/ite
1292,幸福的（阴性）,fericită,形容词,,fericItă,,形容词 · m/f 待核对 · pl: fericite
1293,灵活的,flexibil,形容词,,flexIbil,,形容词 · 形式待核对
1294,嫩的,fraged,形容词,,frAged,,形容词 · 形式待核对
1295,美丽的,frumos,形容词,,frumOs,,形容词 · f: frumoasă · pl: frumoși/oase
1296,美丽的（阴性）,frumoasă,形容词,,frumOAsă,,形容词 · m/f 待核对 · pl: frumoase
1297,慷慨的,generos,形容词,,generOs,,形容词 · f: generoasă · pl: generoși/oase
1298,慷慨的（阴性）,generoasă,形容词,,generOAsă,,形容词 · m/f 待核对 · pl: generoase
1299,重的,greu,形容词,,grEU,,形容词 · 形式待核对
1300,便宜的,ieftin,形容词,,IEftin,,形容词 · 形式待核对
1301,立即的,imediat,形容词,,imEdiat,,形容词 · f: imediată · pl: imediați/ate
1302,立即的（阴性）,imediată,形容词,,imedIAtă,,形容词 · m/f 待核对 · pl: imediate
1303,独立的,independent,形容词,,independEnt,,形容词 · f: independentă · pl: independenți/ente
1304,强烈的,intens,形容词,,Intens,,形容词 · 形式待核对
1305,安静的,liniștit,形容词,,linIștit,,形容词 · f: liniștită · pl: liniștiți/ite
1306,安静的（阴性）,liniștită,形容词,,liniștItă,,形容词 · m/f 待核对 · pl: liniștite
1307,本地的,local,形容词,,locAl,,形容词 · 形式待核对
1308,本地的（阴性）,locală,形容词,,locAlă,,形容词 · m/f 待核对 · pl: locale
1309,长的,lung,形容词,,lUng,,形容词 · 形式待核对
1310,成熟的,matur,形容词,,mAtur,,形容词 · 形式待核对
1311,柔软的,moale,形容词,,mOAle,,形容词 · 形式待核对
1312,自然的,natural,形容词,,naturAl,,形容词 · 形式待核对
1313,自然的（阴性）,naturală,形容词,,naturAlă,,形容词 · m/f 待核对 · pl: naturale
1314,必要的,necesar,形容词,,necesAr,,形容词 · 形式待核对
1315,必要的（阴性）,necesară,形容词,,necesAră,,形容词 · m/f 待核对 · pl: necesare
1316,正常的,normal,形容词,,normAl,,形容词 · 形式待核对
1317,正常的（阴性）,normală,形容词,,normAlă,,形容词 · m/f 待核对 · pl: normale
1318,新的,nou,形容词,,nOU,,形容词 · 形式待核对
1319,官方的（阴性）,oficială,形容词,,oficIAlă,,形容词 · m/f 待核对 · pl: oficiale
1320,乐观的,optimist,形容词,,optImist,,形容词 · 形式待核对
1321,整齐的,ordonat,形容词,,ordOnat,,形容词 · f: ordonată · pl: ordonați/ate
1322,整齐的（阴性）,ordonată,形容词,,ordonAtă,,形容词 · m/f 待核对 · pl: ordonate
1323,原创的,original,形容词,,originAl,,形容词 · 形式待核对
1324,原创的（阴性）,originală,形容词,,originAlă,,形容词 · m/f 待核对 · pl: originale
1325,永久的,permanent,形容词,,permanEnt,,形容词 · f: permanentă · pl: permanenți/ente
1326,个人的,personal,形容词,,personAl,,形容词 · 形式待核对
1327,个人的（阴性）,personală,形容词,,personAlă,,形容词 · m/f 待核对 · pl: personale
1328,愉快的,plăcut,形容词,,plĂcut,,形容词 · f: plăcută · pl: plăcuți/ute
1329,愉快的（阴性）,plăcută,形容词,,plăcUtă,,形容词 · m/f 待核对 · pl: plăcute
1330,受欢迎的,popular,形容词,,populAr,,形容词 · 形式待核对
1331,受欢迎的（阴性）,populară,形容词,,populAră,,形容词 · m/f 待核对 · pl: populare
1332,积极的,pozitiv,形容词,,pozitIv,,形容词 · f: pozitivă · pl: pozitivi/ive
1333,积极的（阴性）,pozitivă,形容词,,pozitIvă,,形容词 · m/f 待核对 · pl: pozitive
1334,实用的,practic,形容词,,practIc,,形容词 · f: practică · pl: practici/ice
1335,实用的（阴性）,practică,形容词,,practIcă,,形容词 · m/f 待核对 · pl: practice
1336,精确的,precis,形容词,,prEcis,,形容词 · 形式待核对
1337,深刻的,profund,形容词,,prOfund,,形容词 · 形式待核对
1338,快速的,rapid,形容词,,rApid,,形容词 · 形式待核对
1339,稀少的,rar,形容词,,rAr,,形容词 · 形式待核对
1340,稀少的（阴性）,rară,形容词,,rAră,,形容词 · m/f 待核对 · pl: rare
1341,最近的,recent,形容词,,recEnt,,形容词 · f: recentă · pl: recenți/ente
1342,耐用的,rezistent,形容词,,rezistEnt,,形容词 · f: rezistentă · pl: rezistenți/ente
1343,圆的,rotund,形容词,,rOtund,,形容词 · 形式待核对
1344,健康的,sănătos,形容词,,sănătOs,,形容词 · f: sănătoasă · pl: sănătoși/oase
1345,健康的（阴性）,sănătoasă,形容词,,sănătOAsă,,形容词 · m/f 待核对 · pl: sănătoase
1346,短的,scurt,形容词,,scUrt,,形容词 · 形式待核对
1347,敏感的,sensibil,形容词,,sensIbil,,形容词 · 形式待核对
1348,严肃的,serios,形容词,,serIOs,,形容词 · f: serioasă · pl: serioși/oase
1349,严肃的（阴性）,serioasă,形容词,,serIOAsă,,形容词 · m/f 待核对 · pl: serioase
1350,真诚的,sincer,形容词,,sIncer,,形容词 · 形式待核对
1351,独自的,singur,形容词,,sIngur,,形容词 · 形式待核对
1352,特别的,special,形容词,,specIAl,,形容词 · 形式待核对
1353,特别的（阴性）,specială,形容词,,specIAlă,,形容词 · m/f 待核对 · pl: speciale
1354,稳定的,stabil,形容词,,stAbil,,形容词 · 形式待核对
1355,薄的,subțire,形容词,,subțIre,,形容词 · 形式待核对
1356,足够的,suficient,形容词,,suficIEnt,,形容词 · f: suficientă · pl: suficienți/ente
1357,惊讶的,surprins,形容词,,sUrprins,,形容词 · 形式待核对
1358,技术的,tehnic,形容词,,tehnIc,,形容词 · f: tehnică · pl: tehnici/ice
1359,技术的（阴性）,tehnică,形容词,,tehnIcă,,形容词 · m/f 待核对 · pl: tehnice
1360,悲伤的,trist,形容词,,trIst,,形容词 · 形式待核对
1361,轻的,ușor,形容词,,ușOr,,形容词 · 形式待核对
1362,有用的,util,形容词,,Util,,形容词 · 形式待核对
1363,开心的,vesel,形容词,,vEsel,,形容词 · 形式待核对
1364,可见的,vizibil,形容词,,vizIbil,,形容词 · 形式待核对
1365,接受,accepta,动词,,accEpta,,动词 · 零变位
1366,接受过,acceptat,动词,,accEptat,,动词 · 变位待核对
1367,欣赏,admira,动词,,admIra,,动词 · 零变位
1368,欣赏过,admirat,动词,,admIrat,,动词 · 变位待核对
1369,带来,aduce,动词,,adUce,,动词 · -e 类
1370,得知,afla,动词,,Afla,,动词 · 零变位
1371,得知过,aflat,动词,,Aflat,,动词 · 变位待核对
1372,到达,ajunge,动词,,ajUnge,,动词 · -e 类
1373,选择,alege,动词,,alEge,,动词 · -e 类
1374,出现,apărea,动词,,apĂrea,,动词 · -ea 类
1375,点燃,aprinde,动词,,aprInde,,动词 · -e 类
1376,展示,arăta,动词,,arĂta,,动词 · 零变位
1377,展示过,arătat,动词,,arĂtat,,动词 · 变位待核对
1378,扔,arunca,动词,,arUnca,,动词 · 零变位
1379,扔过,aruncat,动词,,arUncat,,动词 · 变位待核对
1380,听,asculta,动词,,ascUlta,,动词 · 零变位
1381,听过,ascultat,动词,,ascUltat,,动词 · 变位待核对
1382,等待,aștepta,动词,,aștEpta,,动词 · 零变位
1383,等待过,așteptat,动词,,aștEptat,,动词 · 变位待核对
1384,触摸,atinge,动词,,atInge,,动词 · -e 类
1385,听见,auzi,动词,,AUzi,,动词 · -esc 变位
1386,听见过,auzit,动词,,AUzit,,动词 · 变位待核对
1387,喝,bea,动词,,bEA,,动词 · -ea 类
1388,赢得,câștiga,动词,,câștIga,,动词 · 零变位
1389,赢得过,câștigat,动词,,câștIgat,,动词 · 变位待核对
1390,请求,cere,动词,,cEre,,动词 · -e 类
1391,叫,chema,动词,,chEma,,动词 · 零变位
1392,叫过,chemat,动词,,chEmat,,动词 · 变位待核对
1393,花费,cheltui,动词,,chEltui,,动词 · -esc 变位
1394,花费过,cheltuit,动词,,chEltuit,,动词 · 变位待核对
1395,通行,circula,动词,,circUla,,动词 · 零变位
1396,通行过,circulat,动词,,circUlat,,动词 · 变位待核对
1397,阅读,citi,动词,,cIti,,动词 · -esc 变位
1398,阅读过,citit,动词,,cItit,,动词 · 变位待核对
1399,下去,coborî,动词,,cobOrî,,动词 · -ăsc 变位
1400,下去过,coborit,动词,,cobOrit,,动词 · 变位待核对
1401,订购,comanda,动词,,comAnda,,动词 · 零变位
1402,订购过,comandat,动词,,comAndat,,动词 · 变位待核对
1403,填写,completa,动词,,complEta,,动词 · 零变位
1404,填写过,completat,动词,,complEtat,,动词 · 变位待核对
1405,购买,cumpăra,动词,,cumpĂra,,动词 · 零变位
1406,购买过,cumpărat,动词,,cumpĂrat,,动词 · 变位待核对
1407,认识,cunoaște,动词,,cunOAște,,动词 · -e 类
1408,清洁,curăța,动词,,curĂța,,动词 · 零变位
1409,清洁过,curățat,动词,,curĂțat,,动词 · 变位待核对
1410,打开,deschide,动词,,deschIde,,动词 · -e 类
1411,画,desena,动词,,desEna,,动词 · 零变位
1412,画过,desenat,动词,,desEnat,,动词 · 变位待核对
1413,讨论,discuta,动词,,discUta,,动词 · 零变位
1414,讨论过,discutat,动词,,discUtat,,动词 · 变位待核对
1415,睡觉,dormi,动词,,dOrmi,,动词 · -esc 变位
1416,睡觉过,dormit,动词,,dOrmit,,动词 · 变位待核对
1417,寄送,expedia,动词,,expEdia,,动词 · 零变位
1418,寄送过,expediat,动词,,expEdiat,,动词 · 变位待核对
1419,解释,explica,动词,,explIca,,动词 · 零变位
1420,解释过,explicat,动词,,explIcat,,动词 · 变位待核对
1421,做,face,动词,,fAce,,动词 · -e 类
1422,拍照,fotografia,动词,,fotogrAfia,,动词 · 零变位
1423,拍照过,fotografiat,动词,,fotogrAfiat,,动词 · 变位待核对
1424,找到,găsi,动词,,gĂsi,,动词 · -esc 变位
1425,找到过,găsit,动词,,gĂsit,,动词 · 变位待核对
1426,做饭,găti,动词,,gĂti,,动词 · -esc 变位
1427,做饭过,gătit,动词,,gĂtit,,动词 · 变位待核对
1428,开玩笑,glumi,动词,,glUmi,,动词 · -esc 变位
1429,开玩笑过,glumit,动词,,glUmit,,动词 · 变位待核对
1430,犯错,greși,动词,,grEși,,动词 · -esc 变位
1431,犯错过,greșit,动词,,grEșit,,动词 · 变位待核对
1432,学习,învăța,动词,,învĂța,,动词 · 零变位
1433,学习过,învățat,动词,,învĂțat,,动词 · 变位待核对
1434,关闭,închide,动词,,închIde,,动词 · -e 类
1435,开始,începe,动词,,încEpe,,动词 · -e 类
1436,尝试,încerca,动词,,încErca,,动词 · 零变位
1437,尝试过,încercat,动词,,încErcat,,动词 · 变位待核对
1438,理解,înțelege,动词,,înțelEge,,动词 · -e 类
1439,询问,întreba,动词,,întrEba,,动词 · 零变位
1440,询问过,întrebat,动词,,întrEbat,,动词 · 变位待核对
1441,进入,intra,动词,,Intra,,动词 · 零变位
1442,进入过,intrat,动词,,Intrat,,动词 · 变位待核对
1443,出去,ieși,动词,,IEși,,动词 · -esc 变位
1444,出去过,ieșit,动词,,IEșit,,动词 · 变位待核对
1445,爱,iubi,动词,,IUbi,,动词 · -esc 变位
1446,爱过,iubit,动词,,IUbit,,动词 · 变位待核对
1447,玩,juca,动词,,jUca,,动词 · 零变位
1448,玩过,jucat,动词,,jUcat,,动词 · 变位待核对
1449,居住,locui,动词,,lOcui,,动词 · -esc 变位
1450,居住过,locuit,动词,,lOcuit,,动词 · 变位待核对
1451,工作,lucra,动词,,lUcra,,动词 · 零变位
1452,工作过,lucrat,动词,,lUcrat,,动词 · 变位待核对
1453,拿,lua,动词,,lUA,,动词 · 零变位
1454,拿过,luat,动词,,lUAt,,动词 · 变位待核对
1455,吃,mânca,动词,,mÂnca,,动词 · 零变位
1456,吃过,mâncat,动词,,mÂncat,,动词 · 变位待核对
1457,走,merge,动词,,mErge,,动词 · -e 类
1458,搬动,muta,动词,,mUta,,动词 · 零变位
1459,搬动过,mutat,动词,,mUtat,,动词 · 变位待核对
1460,记录,nota,动词,,nOta,,动词 · 零变位
1461,记录过,notat,动词,,nOtat,,动词 · 变位待核对
1462,观察,observa,动词,,obsErva,,动词 · 零变位
1463,观察过,observat,动词,,obsErvat,,动词 · 变位待核对
1464,组织,organiza,动词,,organIza,,动词 · -ez 变位
1465,组织过,organizat,动词,,organIzat,,动词 · 变位待核对
1466,停车,parca,动词,,pArca,,动词 · 零变位
1467,停车过,parcat,动词,,pArcat,,动词 · 变位待核对
1468,参加,participa,动词,,particIpa,,动词 · 零变位
1469,参加过,participat,动词,,particIpat,,动词 · 变位待核对
1470,付款,plăti,动词,,plĂti,,动词 · -esc 变位
1471,付款过,plătit,动词,,plĂtit,,动词 · 变位待核对
1472,离开,pleca,动词,,plEca,,动词 · 零变位
1473,离开过,plecat,动词,,plEcat,,动词 · 变位待核对
1474,收到,primi,动词,,prImi,,动词 · -esc 变位
1475,收到过,primit,动词,,prImit,,动词 · 变位待核对
1476,发音,pronunța,动词,,pronUnța,,动词 · 零变位
1477,发音过,pronunțat,动词,,pronUnțat,,动词 · 变位待核对
1478,保护,proteja,动词,,protEja,,动词 · 零变位
1479,保护过,protejat,动词,,protEjat,,动词 · 变位待核对
1480,发布,publica,动词,,publIca,,动词 · 零变位
1481,发布过,publicat,动词,,publIcat,,动词 · 变位待核对
1482,穿戴,purta,动词,,pUrta,,动词 · 零变位
1483,穿戴过,purtat,动词,,pUrtat,,动词 · 变位待核对
1484,修理,repara,动词,,repAra,,动词 · 零变位
1485,修理过,reparat,动词,,repArat,,动词 · 变位待核对
1486,重复,repeta,动词,,repEta,,动词 · 零变位
1487,重复过,repetat,动词,,repEtat,,动词 · 变位待核对
1488,解决,rezolva,动词,,rezOlva,,动词 · 零变位
1489,解决过,rezolvat,动词,,rezOlvat,,动词 · 变位待核对
1490,回答,răspunde,动词,,răspUnde,,动词 · -e 类
1491,留下,rămâne,动词,,rămÂne,,动词 · -e 类
1492,保存,salva,动词,,sAlva,,动词 · 零变位
1493,保存过,salvat,动词,,sAlvat,,动词 · 变位待核对
1494,改变,schimba,动词,,schImba,,动词 · 零变位
1495,改变过,schimbat,动词,,schImbat,,动词 · 变位待核对
1496,写,scrie,动词,,scrIE,,动词 · -e 类
1497,签名,semna,动词,,sEmna,,动词 · 零变位
1498,签名过,semnat,动词,,sEmnat,,动词 · 变位待核对
1499,感觉,simți,动词,,sImți,,动词 · -esc 变位
1500,感觉过,simțit,动词,,sImțit,,动词 · 变位待核对
1501,洗,spăla,动词,,spĂla,,动词 · 零变位
1502,洗过,spălat,动词,,spĂlat,,动词 · 变位待核对
1503,说,spune,动词,,spUne,,动词 · -e 类
1504,待着,sta,动词,,stA,,动词 · 零变位
1505,学习,studia,动词,,stUdia,,动词 · 零变位
1506,学习过,studiat,动词,,stUdiat,,动词 · 变位待核对
1507,发送,trimite,动词,,trimIte,,动词 · -e 类
1508,忘记,uita,动词,,UIta,,动词 · 零变位
1509,忘记过,uitat,动词,,UItat,,动词 · 变位待核对
1510,上去,urca,动词,,Urca,,动词 · 零变位
1511,上去过,urcat,动词,,Urcat,,动词 · 变位待核对
1512,跟随,urmări,动词,,urmĂri,,动词 · -esc 变位
1513,跟随过,urmărit,动词,,urmĂrit,,动词 · 变位待核对
1514,核对,verifica,动词,,verifIca,,动词 · -ez 变位
1515,核对过,verificat,动词,,verifIcat,,动词 · 变位待核对
1516,出售,vinde,动词,,vInde,,动词 · -e 类
1517,参观,vizita,动词,,vizIta,,动词 · 零变位
1518,参观过,vizitat,动词,,vizItat,,动词 · 变位待核对
1519,说话,vorbi,动词,,vOrbi,,动词 · -esc 变位
1520,说话过,vorbit,动词,,vOrbit,,动词 · 变位待核对
1521,微笑,zâmbi,动词,,zÂmbi,,动词 · -esc 变位
1522,微笑过,zâmbit,动词,,zÂmbit,,动词 · 变位待核对
1523,在家,acasă,副词,,acAsă,,副词 · 不变
1524,在外面,afară,副词,,afAră,,副词 · 不变
1525,几乎,aproape,副词,,aprOApe,,副词 · 不变
1526,今天,azi,副词,,Azi,,副词 · 不变
1527,好,bine,副词,,bIne,,副词 · 不变
1528,很快,curând,副词,,cUrând,,副词 · 不变
1529,远地,departe,副词,,depArte,,副词 · 不变
1530,经常,des,副词,,dEs,,副词 · 不变
1531,早,devreme,副词,,devrEme,,副词 · 不变
1532,昨天,ieri,副词,,IEri,,副词 · 不变
1533,一起,împreună,副词,,împrEUnă,,副词 · 不变
1534,向后,înapoi,副词,,înApoi,,副词 · 不变
1535,向前,înainte,副词,,înAInte,,副词 · 不变
1536,慢慢地,încet,副词,,Încet,,副词 · 不变
1537,总是,mereu,副词,,mEreu,,副词 · 不变
1538,明天,mâine,副词,,mÂIne,,副词 · 不变
1539,从不,niciodată,副词,,niciodAtă,,副词 · 不变
1540,快速地,repede,副词,,repEde,,副词 · 不变
1541,晚,târziu,副词,,tÂrziu,,副词 · 不变
1542,然而,totuși,副词,,totUși,,副词 · 不变